Nom_Hotel,Adresse,Site_Web,Domaine,LinkedIn_Company,Source_LinkedIn,Email_Trouve,Type_Email,Nom_Associe
Piscines & Plage Privée (Pontcharra),Centre commercial Super U 67 Rue de la Dragueline 38530 Pontcharra France,https://piscines-plage-privee.fr/,piscines-plage-privee.fr,,,,,
PISCINES AQUINOX,28 Rue de la Raquette 59144 Wargnies-le-Grand France,http://www.aquinox-hauts-de-france.fr/,aquinox-hauts-de-france.fr,,,,,
Piscines Aquinox Ain,87 Rte de Fay 01660 Mézériat France,https://www.piscines-aquinox-ain.fr/,piscines-aquinox-ain.fr,,,,,
Piscines Aquinox Aquitaine,675 LE MAS DU PUY 87240 Ambazac France,https://www.piscines-aquinox-aquitaine.fr/,piscines-aquinox-aquitaine.fr,,,contact@piscines-aquinox-aquitaine.fr,Générique,
PISCINES AQUINOX AUVERGNE NIEVRE,4 Rue François Coli 03400 Yzeure France,http://www.xn--piscines-aquinox-auvergne-nivre-5zc.fr/,xn--piscines-aquinox-auvergne-nivre-5zc.fr,,,,,
Piscines Aquinox Bourgogne Franchecomte,2 Bis Rue Pautet 71530 Champforgeuil France,http://www.piscines-aquinox-bourgogne-franchecomte.fr/,piscines-aquinox-bourgogne-franchecomte.fr,,,,,
Piscines Aquinox Pusignan Rhone Alpes,9 Rue des Frères Lumière 69330 Pusignan France,https://www.piscines-aquinox-rhone-alpes.fr/,piscines-aquinox-rhone-alpes.fr,,,info@piscines-aquinox-rhone-alpes.fr,Générique,
Piscines Aubagne Services,Chem. des Bonnes Nouvelles 13400 Aubagne France,https://www.piscinesaubagneservices.fr/,piscinesaubagneservices.fr,,,contact@piscinesaubagneservices.fr,Générique,
Piscines BONNET FOURNIE,La Piece Barade 24150 Saint-Capraise-de-Lalinde France,https://piscines-bonnet24.fr/,piscines-bonnet24.fr,,,,,
PISCINES CARON,20 Rue Arthur Groussier 87100 Limoges France,http://piscines-caron.com/,piscines-caron.com,https://www.linkedin.com/company/caronpiscines,Site propre (page d'accueil),,,
Piscines des Hespérides,Bp 204 Chem. des Vaugibourgs 91580 Étréchy France,https://leshesperides.org/,leshesperides.org,,,,,
Piscines DESJOYAUX,8 Rue du Dr Noël Courvoisier 70000 Vesoul France,https://www.desjoyaux.fr/boutiques-desjoyaux/70000-vesoul/,desjoyaux.fr,,,,,
